2026-04-26,"[""lob"",""lobe"",""low"",""lose"",""big"",""lag"",""gal"",""woe"",""hoe"",""hoes"",""gem"",""lab"",""ache"",""mach"",""hose"",""lows"",""soil"",""sloe"",""lie"",""lies"",""name"",""names"",""ohm"",""she"",""sole"",""soles"",""bow"",""bows"",""bowl"",""bowls"",""ail"",""meal""]",
2026-04-27,"[""beep"",""bee"",""beam"",""beams"",""pee"",""dee"",""see"",""mug"",""mugs"",""dug"",""bed"",""yea"",""yeas"",""mag"",""mags"",""peds"",""ped"",""ebb"",""ebbs"",""yep"",""same"",""use"",""muse"",""sag""]",
2026-04-28,"[""gap"",""nap"",""eat"",""ate"",""apt"",""eats"",""meats"",""meets"",""met"",""tush"",""pat"",""pats"",""spat"",""spats"",""fat"",""fats"",""fate"",""fates"",""fee"",""fees"",""feet"",""feat"",""feats"",""teem"",""teems"",""tea"",""span"",""pan"",""use"",""fan"",""fang"",""pang"",""tang"",""gate"",""gates"",""pate"",""pates"",""fess"",""mess""]",
2026-04-29,"[""leg"",""ate"",""get"",""hat"",""hate"",""late"",""the"",""tet"",""eat"",""tee"",""gee"",""roe"",""gore"",""heat"",""latte"",""bat"",""ore"",""lab"",""hoe"",""bet"",""beta"",""hog"",""elate"",""halt""]",
2026-04-30,"[""nick"",""rock"",""rocks"",""nicks"",""mink"",""minks"",""let"",""the"",""rho"",""hock"",""cock"",""cocks"",""ore"",""core"",""hog"",""rocket"",""conic"",""sing"",""king"",""rocking""]",
2026-05-01,"[""tee"",""tees"",""toes"",""tote"",""totes"",""rote"",""roe"",""roes"",""mote"",""motes"",""met"",""most"",""see"",""too"",""may"",""more"",""mores"",""sore"",""sorer"",""tore"",""tort"",""trot"",""trots"",""torts"",""sort"",""stem"",""yet"",""are"",""era"",""rose"",""oar"",""ate"",""atom"",""test"",""testy"",""roster"",""tester"",""sorter""]",
2026-05-02,"[""roe"",""row"",""ore"",""flog"",""ref"",""woe"",""crow"",""slip"",""prole"",""leg"",""flier"",""crier"",""plier"",""pig"",""lip"",""wire"",""sill"",""kill"",""kills"",""gill"",""grill"",""frill"",""frills"",""grills"",""rill"",""rills"",""pill"",""pills""]",
2026-04-06,"[""store"",""vie"",""rei"",""sore"",""sort"",""toe"",""toes"",""tore"",""rev"",""trove"",""rove"",""eve"",""ever"",""tier"",""revive"",""tort"",""vive"",""toro"",""ore""]",
2026-05-03,"[""stag"",""stags"",""tag"",""past"",""pasts"",""crew"",""cook"",""cock"",""pock"",""lock"",""wok"",""cool"",""poo"",""how"",""she"",""lop"",""clock"",""woo"",""there"",""slow"",""slower"",""lower"",""low"",""cow"",""cower"",""cop"",""coo"",""ire"",""path""]",
2026-04-07,"[""breed"",""breeds"",""creed"",""creeds"",""bed"",""beds"",""ped"",""peds"",""acre"",""acred"",""bred"",""cred"",""red"",""rep"",""reds"",""bree"",""ace"",""aced"",""beer"",""peer"",""reek"",""kerb"",""cud"",""cuds"",""deer"",""reed"",""reeds"",""dee"",""bee"",""cee"",""pee"",""err""]",
2026-04-08,"[""woo"",""wore"",""two"",""term"",""foil"",""roil"",""filo"",""lira"",""mar"",""mare"",""ire"",""fet"",""foe"",""ore"",""era"",""oil"",""folio"",""more"",""are"",""fore""]",
2026-04-09,"[""sir"",""whee"",""wee"",""see"",""ran"",""rang"",""resew"",""sew"",""sire"",""sang"",""rise"",""ring"",""rings"",""wings"",""wing"",""win"",""wins"",""sees"",""risk"",""risks"",""where"",""were"",""wire"",""wires"",""ire"",""era"",""wees"",""sin"",""wino""]",
2026-04-10,"[""slit"",""worm"",""wormy"",""norm"",""troy"",""til"",""tilt"",""tilts"",""tit"",""lit"",""lite"",""lint"",""sty"",""row"",""wort"",""worts"",""worn"",""sit"",""silt"",""silts"",""nit"",""net"",""ten"",""tent"",""tents"",""lino"",""morn"",""mort"",""now"",""tin"",""tine""]",
2026-04-11,"[""laser"",""lase"",""bash"",""basher"",""awe"",""hoer"",""hoe"",""lab"",""pea"",""woe"",""pole"",""slope"",""tin"",""the"",""leg"",""slop"",""bale"",""baa"",""wop"",""pow"",""how"",""ogre"",""tine"",""ting"",""ring"",""plus""]",
2026-04-12,"[""chore"",""char"",""are"",""era"",""tar"",""tare"",""zit"",""baa"",""bar"",""brr"",""trig"",""bra"",""carb"",""bran"",""gnu"",""gun"",""rote"",""rot"",""art"",""atria"",""git"",""tire"",""roti"",""bag"",""nag"",""tora"",""bat"",""bate"",""abate"",""abater"",""ago"",""eon"",""run"",""rung"",""brung"",""crab"",""ire"",""air"",""airer""]",
2026-04-13,"[""sax"",""axe"",""axed"",""axes"",""axis"",""six"",""sixes"",""wax"",""waxed"",""waxes"",""case"",""cased"",""pee"",""pec"",""pecs"",""pew"",""pews"",""bee"",""wasp"",""was"",""saw"",""sea"",""seas"",""sex"",""caw"",""caws"",""wipe""]",
2026-04-14,"[""pea"",""hoe"",""boa"",""bee"",""glue"",""glob"",""lob"",""lea"",""ale"",""lug"",""ball"",""gull"",""peel"",""pee"",""bell"",""hole"",""bale"",""glee"",""lobe"",""ape"",""lull"",""loll""]",
2026-04-15,"[""mar"",""ram"",""arm"",""bar"",""bee"",""beer"",""been"",""aeon"",""eon"",""tone"",""rote"",""err"",""mare"",""gone"",""goner"",""gar"",""rare"",""brr"",""bento"",""nee"",""gram"",""torn"",""tore"",""bam"",""tee"",""tea"",""ten"",""ton"",""tern"",""term""]",
2026-04-16,"[""share"",""sit"",""sits"",""shit"",""hit"",""hits"",""shits"",""touch"",""touche"",""out"",""outs"",""other"",""others"",""itch"",""are"",""era"",""hut"",""huts"",""cuts"",""cut"",""has"",""hast"",""east"",""easts"",""char"",""chare"",""chars"",""rash""]",
2026-04-17,"[""tear"",""ear"",""era"",""ore"",""tore"",""tora"",""tea"",""wear"",""hare"",""share"",""stere"",""stereo"",""rare"",""tree"",""rote"",""art"",""arts"",""were"",""aorta"",""treats"",""tee""]",
2026-04-18,"[""slot"",""was"",""maw"",""nog"",""song"",""toe"",""loses"",""lose"",""songs"",""raw"",""same"",""slog"",""slogs"",""slots"",""eon"",""aeon"",""aeons"",""eons"",""nogs"",""saw"",""sow"",""owe"",""owes"",""awe"",""men"",""maes"",""toss"",""too"",""toon"",""tog"",""togs"",""tons"",""ton"",""tone"",""else"",""loam"",""new"",""goo"",""goos"",""goose"",""gooses"",""loo"",""loon"",""snog"",""beam"",""beamy"",""mess"",""nest"",""nestle""]",
2026-04-19,"[""welt"",""west"",""wests"",""lest"",""sis"",""tis"",""slew"",""tow"",""tower"",""towers"",""tress"",""tire"",""tires"",""nit"",""nits"",""wit"",""wits"",""win"",""sin"",""tot"",""lot"",""not"",""nil"",""nils"",""stir"",""astir"",""was"",""saw"",""sawer"",""less"",""lesser"",""ess"",""writ"",""writs"",""straw"",""oar"",""silt"",""sir"",""slit"",""slits"",""salt"",""salts"",""stint"",""law"",""war"",""raw"",""wars""]",
2026-04-20,"[""day"",""dash"",""gash"",""gnash"",""sag"",""pay"",""ring"",""rings"",""pad"",""had"",""say"",""ding"",""dings"",""nag"",""nags"",""dag"",""dags"",""paid"",""said"",""rid"",""bid"",""aid"",""bird"",""gin"",""yap"",""bad"",""rib"",""dig"",""digs"",""rig"",""rigs"",""pash""]",
2026-04-21,"[""pen"",""win"",""pin"",""wins"",""pins"",""pens"",""vat"",""vats"",""cats"",""cat"",""awe"",""pie"",""wipe"",""act"",""acts"",""pine"",""bend"",""bends"",""bent"",""eat"",""eats"",""pent"",""snipe""]",
2026-04-22,"[""quad"",""git"",""tiger"",""whey"",""wit"",""way"",""wag"",""wage"",""wager"",""where"",""whig"",""wig"",""hey"",""day"",""were"",""brie"",""gay"",""gayer"",""brew"",""her"",""here"",""wye""]",
2026-04-23,"[""hydra"",""hydras"",""sad"",""race"",""races"",""cel"",""ray"",""day"",""lay"",""cay"",""leg"",""legs"",""dare"",""dares"",""hare"",""hares"",""yard"",""yards"",""cards"",""card"",""rad"",""she"",""shes"",""rec"",""clay"",""lard"",""lards"",""gel"",""gels"",""say"",""lase"",""laser"",""lasers"",""hes"",""era"",""are"",""eras""]",
2026-04-24,"[""tea"",""eat"",""ate"",""tap"",""aha"",""hat"",""hate"",""stupa"",""smut"",""mute"",""sup"",""state"",""sat"",""sate"",""sue"",""jump"",""jut"",""jute"",""tut"",""tat"",""stat"",""pat"",""ump""]",
2026-04-25,"[""egg"",""leg"",""legs"",""song"",""let"",""ley"",""rang"",""lear"",""hug"",""hugs"",""thug"",""thugs"",""tee"",""mugs"",""mug"",""mutt"",""mutts"",""hut"",""shun"",""sheet"",""tell"",""yell"",""all"",""alley"",""stet"",""gut"",""nut"",""tugs"",""mule"",""null"",""gull"",""sort""]",
2026-05-04,"[""cee"",""car"",""cab"",""cabs"",""cars"",""bar"",""bars"",""cay"",""tee"",""teen"",""yet"",""net"",""bay"",""ray"",""race"",""sac"",""nee"",""yen"",""cent"",""bye"",""aye"",""ten"",""ars"",""yar"",""ace"",""brace"",""bract"",""say"",""act""]",
2026-05-05,"[""dote"",""dotes"",""shot"",""dot"",""cot"",""coo"",""cote"",""tod"",""toed"",""teed"",""tees"",""tee"",""tea"",""dees"",""dee"",""deet"",""bee"",""bees"",""bead"",""beet"",""too"",""toe"",""bot"",""boa"",""shoo"",""shoot"",""shooed"",""hoot"",""doth"",""both""]",
2026-05-06,"[""bow"",""bows"",""bowl"",""bowls"",""colt"",""colts"",""silt"",""silts"",""slit"",""slits"",""snow"",""snows"",""abs"",""show"",""shown"",""list"",""fist"",""flit"",""fish"",""wish"",""won"",""owl"",""owls"",""howl"",""howls"",""swob"",""swobs"",""hob"",""hobs"",""son"",""sons"",""til"",""con"",""cons"",""lilt"",""lilts"",""now""]",
2026-05-07,"[""clock"",""lock"",""gar"",""rag"",""mora"",""lemon"",""cargo"",""wok"",""when"",""goa"",""ago"",""car"",""rack""]",
2026-05-08,"[""espy"",""spy"",""aim"",""char"",""chars"",""lost"",""sort"",""cross"",""torch"",""arch"",""arc"",""hare"",""hares"",""act"",""acts"",""yes"",""mire"",""air"",""tora"",""torah"",""care"",""cares"",""sore"",""loser"",""toss"",""tosser"",""cost"",""hair"",""hairs"",""airs"",""roe"",""roes"",""rose"",""lore"",""lores"",""arse"",""tress"",""cress"",""pea""]",
2026-05-09,"[""nor"",""hon"",""sue"",""get"",""age"",""ages"",""hat"",""hate"",""hates"",""hater"",""moo"",""muse"",""rue"",""rues"",""hag"",""tag"",""tags"",""hags"",""ate"",""eta"",""chat"",""check"",""checks"",""ions"",""ion"",""tern"",""eke"",""germ"",""tug"",""gut""]",
2026-05-10,"[""egg"",""met"",""true"",""tet"",""let"",""lure"",""love"",""lover"",""lee"",""may"",""ham"",""mute"",""rue"",""mutt"",""lug"",""luge"",""hem"",""eel"",""reel"",""nag"",""mage"",""yam"",""hum"",""vole"",""melt"",""name"",""namer"",""game"",""gamer"",""thug"",""three"",""leer"",""hurt"",""hug"",""gamy"",""gamey""]",
2026-05-11,"[""heed"",""side"",""clue"",""clued"",""lude"",""cam"",""ham"",""mace"",""maced"",""led"",""due"",""die"",""hoe"",""mac"",""sue"",""sued"",""lee""]",
2026-05-12,"[""mesa"",""time"",""times"",""mimes"",""meme"",""memes"",""sim"",""teem"",""tie"",""ties"",""memo"",""moo"",""yes"",""yea"",""mise"",""sea""]",
2026-05-13,"[""raw"",""tax"",""eta"",""eat"",""wax"",""max"",""ear"",""vex"",""met"",""tam"",""tea"",""tear"",""ore"",""more"",""roe"",""vat"",""ate"",""room"",""wear"",""meat"",""mate"",""rate"",""eater"",""mater"",""rater"",""exam"",""moo"",""moor"",""rear"",""team"",""tame"",""tamer"",""waxer"",""taxer""]",
2026-05-14,"[""harp"",""tarp"",""warp"",""wrap"",""rat"",""rate"",""hat"",""hate"",""gate"",""kip"",""gip"",""pit"",""cite"",""rig"",""tea"",""ate"",""eta"",""hare"",""ware"",""tar"",""tart"",""prig"",""trig"",""ear"",""art"",""rip"",""ire"",""tragic"",""rap"",""par"",""part"",""pare""]",
2026-05-15,"[""satin"",""song"",""zing"",""ting"",""sting"",""lazing"",""gin"",""gins"",""tin"",""tins"",""air"",""rating"",""sating"",""leg"",""lag"",""rat"",""tar"",""rats"",""tars"",""not"",""son"",""git"",""gits""]",
2026-05-16,"[""rash"",""gen"",""long"",""longs"",""ass"",""lose"",""loser"",""rig"",""trig"",""cog"",""cogs"",""veg"",""vie"",""vies"",""vier"",""age"",""ager"",""ages"",""sage"",""sages"",""rage"",""rages"",""sol"",""loss"",""tie"",""tier"",""ties"",""tire"",""tires"",""crier"",""prier"",""pries"",""cries"",""hip"",""log"",""logs"",""hen"",""rip"",""grass"",""cress""]",
2026-05-17,"[""pro"",""prog"",""neat"",""seat"",""west"",""jest"",""jog"",""the"",""them"",""ice"",""rice"",""ricer"",""get"",""term"",""sea"",""eat"",""ate"",""eta"",""tan"",""poem"",""there"",""here"",""jew"",""jews"",""sew"",""trig"",""grit"",""mean"",""meat"",""met"",""tao"",""gem"",""creme"",""cremes"",""seme"",""hero"",""hem"",""men"",""joe"",""joes"",""sang""]",
2026-05-18,"[""jam"",""fat"",""fag"",""ream"",""jag"",""rag"",""tag"",""jeer"",""jin"",""far"",""fare"",""mare"",""mage"",""are"",""era"",""joe"",""mina"",""jar"",""area"",""gear"",""game""]",
2026-05-19,"[""share"",""hare"",""sea"",""gin"",""sap"",""ape"",""ripe"",""ripes"",""tease"",""nape"",""rap"",""pie"",""pier"",""sear"",""sari"",""set"",""site"",""gets"",""past"",""paste"",""pastie"",""gear"",""pear"",""pea"",""pair"",""air"",""hear"",""heir"",""ear"",""era"",""are"",""east"",""haste""]",
2026-05-20,"[""whole"",""role"",""dole"",""slow"",""slur"",""hole"",""ole"",""cel"",""cels"",""wholes"",""holes"",""doles"",""roles"",""hora"",""word"",""hes"",""row"",""lord"",""show""]",
2026-05-21,"[""roe"",""woe"",""woke"",""wok"",""were"",""grew"",""eke"",""uke"",""koa"",""oak"",""rue"",""oke""]",
2026-05-22,"[""nob"",""rob"",""nog"",""not"",""rot"",""dot"",""rub"",""hub"",""hubs"",""robs"",""grot"",""bus"",""rush"",""bush"",""gosh"",""rubs"",""abs"",""sort"",""nor"",""nobs"",""nosh""]",
2026-05-23,"[""chow"",""cow"",""coo"",""cox"",""roc"",""ran"",""orc"",""orcs"",""narc"",""narcs"",""vox"",""woo"",""who"",""hora"",""arch"",""arc"",""can"",""cans"",""oar"",""how"",""show""]",
2026-05-25,"[""hook"",""need"",""feed"",""nook"",""hoke"",""code"",""hoked"",""hooked"",""keen"",""cod"",""nod"",""node"",""coke"",""coked"",""eon"",""ken"",""don"",""done"",""hen"",""doe"",""foe""]",
2026-05-26,"[""see"",""sea"",""hag"",""shag"",""shat"",""tag"",""bag"",""boa"",""seat"",""toe"",""toes"",""bee"",""bees"",""boat"",""hat"",""wheat"",""whee"",""wee"",""wees"",""gee"",""ghee"",""ghees"",""tab"",""bat"",""oat"",""what"",""heat""]",
2026-05-27,"[""far"",""lam"",""ram"",""ham"",""yam"",""charm"",""hey"",""par"",""pare"",""pars"",""pas"",""ray"",""rap"",""tea"",""teas"",""hay"",""may"",""tye"",""lay"",""pet"",""tee"",""tear"",""tears"",""fay"",""yet"",""team"",""teal"",""arm"",""ear"",""pea"",""peas"",""pay"",""per""]",
2026-05-28,"[""eke"",""lost"",""sort"",""some"",""sore"",""roe"",""mote"",""more"",""ore"",""rom"",""too"",""took"",""rook"",""mom"",""mum"",""term"",""mort"",""let"",""lets"",""stem"",""rem"",""rum"",""met""]",
2026-05-29,"[""eke"",""ekes"",""keg"",""kegs"",""rec"",""geek"",""air"",""lair"",""liar"",""grail"",""grails"",""rail"",""rails"",""arse"",""gee"",""gees"",""see"",""seek"",""seeker"",""curse"",""urge"",""urges"",""large"",""larges""]",
2026-05-30,"[""get"",""tame"",""mate"",""not"",""note"",""goat"",""miss"",""hiss"",""aim"",""then"",""joe"",""cite"",""lite"",""mite"",""mat"",""lit"",""cis"",""less"",""belt"",""hen"",""jog"",""jet"",""ate"",""tea"",""eta"",""cheat"",""tile"",""tiles"",""mile"",""miles"",""lime"",""ail"",""ails"",""tiler"",""tilers"",""miler"",""milers"",""tils"",""til"",""slit"",""time"",""math""]",
2026-05-31,"[""peer"",""beer"",""beep"",""pee"",""bee"",""ree"",""lee"",""lat"",""lats"",""last"",""lash"",""ash"",""womb"",""sumo"",""per"",""bop"",""bore"",""bree"",""shit"",""list"",""rim"",""bus"",""bust"",""bum"",""lush"",""lust"",""must"",""mist"",""lot"",""sip"",""ripe"",""lab"",""sat"",""bat"",""bats"",""bash"",""woe"",""wore"",""mob"",""pow"",""bow"",""sire"",""sir"",""shire"",""hire"",""hirer"",""leper""]",
2026-06-01,"[""quid"",""quit"",""add"",""mad"",""mid"",""rip"",""pit"",""beam"",""bead"",""rim"",""maim"",""trip"",""time"",""dim"",""dime"",""dame"",""kid"",""dam"",""rid"",""kir"",""kit"",""prim"",""prime"",""maid"",""dirt"",""emit""]",
2026-06-02,"[""beer"",""lie"",""tire"",""rue"",""reed"",""tier"",""aim"",""rim"",""air"",""airer"",""deer"",""rum"",""leer"",""bet"",""beet"",""mire"",""dire"",""direr"",""aired"",""aimer"",""debt"",""retire"",""teed"",""tee"",""red"",""bed"",""rede""]",
2026-06-03,"[""pew"",""per"",""mine"",""mint"",""men"",""mir"",""met"",""pet"",""lie"",""lip"",""nine"",""gin"",""ten"",""net"",""mire"",""wet"",""pie"",""pile"",""peel"",""lice"",""ermine"",""eel""]",
2026-06-04,"[""tea"",""ear"",""are"",""era"",""mare"",""term"",""lot"",""tole"",""ray"",""ram"",""teak"",""ore"",""lore"",""tore"",""yam"",""elk"",""real"",""army"",""arm"",""art"",""may"",""mayo"",""ale"",""aloe"",""lay"",""lam"",""rote""]",
2026-06-05,"[""coy"",""goy"",""rake"",""cake"",""sake"",""cakey"",""rack"",""sack"",""lack"",""rock"",""yore"",""gore"",""hora"",""chore"",""cork"",""cark"",""hon"",""nor"",""ore"",""acre"",""rye"",""roc"",""rocs"",""lock"",""loch"",""care"",""uke"",""rue"",""lake"",""laker""]",
2026-06-06,"[""shush"",""hush"",""lush"",""slush"",""shekel"",""oak"",""she"",""sos"",""house"",""hose"",""nose"",""hue"",""hues"",""shank"",""hank"",""shake"",""hoke"",""lank"",""ankh"",""hen"",""zone"",""gone"",""leg"",""gel"",""gels"",""less"",""nos"",""nosh"",""ash"",""kale"",""ess"",""use""]","[""sou"",""sous"",""souse"",""sos"",""soul"",""souls"",""shush"",""shul"",""shuls"",""she"",""shes"",""shekel"",""ousel"",""ousels"",""ose"",""ohs"",""use"",""useless"",""wos"",""who"",""whose"",""whoso"",""whoa"",""wha"",""owse"",""oho"",""sel"",""seg"",""sego"",""segno"",""slush"",""slue"",""slues"",""hos"",""house"",""housel"",""housels"",""houseless"",""hose"",""hosel"",""hush"",""hue"",""hues"",""hueless"",""hes"",""heh"",""sow"",""sue"",""show"",""shoe"",""shoeless"",""sha"",""shake"",""shako"",""shaken"",""shank"",""sels"",""soak"",""soke"",""son"",""sake"",""sank"",""how"",""hows"",""hosels"",""hoe"",""hoes"",""hoke"",""hokes"",""hon"",""honk"",""has"",""hao"",""hake"",""hakes"",""hank"",""ess"",""els"",""ego"",""lush"",""lues"",""les"",""less"",""leg"",""lez"",""leu"",""lek"",""leke"",""else"",""eon"",""eke"",""oes"",""oak"",""oaken"",""oke"",""okeh"",""okehs"",""okes"",""oka"",""okas"",""ash"",""ahs"",""akela"",""ankh"",""ankle"",""ana"",""anal"",""gesso"",""gel"",""gels"",""glue"",""glues"",""gluon"",""gone"",""zek"",""zone"",""hehs"",""hen"",""henge"",""henges"",""kos"",""koel"",""koels"",""koa"",""koas"",""koan"",""kohl"",""kohls"",""kas"",""kaon"",""kana"",""ken"",""keno"",""kanas"",""kale"",""nous"",""nos"",""nosh"",""nose"",""noseless"",""noh"",""nohow"",""noes"",""noel"",""noels"",""nah"",""naos"",""ogle"",""ogles"",""one"",""nog"",""ekes"",""eng"",""elk"",""elan"",""leno"",""lake"",""lakes"",""lakh"",""lanose"",""lank"",""anoa"",""anoas"",""anas"",""ale"",""alehouse""]"
2026-06-07,"[""query"",""err"",""rind"",""rod"",""rye"",""ryes"",""wry"",""ring"",""rings"",""dino"",""ding"",""dings"",""wing"",""wings"",""rid"",""roe"",""dour"",""dung"",""wino"",""goa"",""nor"",""trigs"",""rigs"",""lost"",""lot"",""slot"",""row"",""rows"",""loser"",""win"",""ran"",""lest"",""rest""]","[""query"",""querying"",""err"",""erring"",""ere"",""eroding"",""eringo"",""our"",""oud"",""ore"",""ores"",""urd"",""udo"",""urn"",""ruin"",""ruing"",""rei"",""rein"",""rely"",""relying"",""res"",""rest"",""rye"",""ryes"",""roe"",""rod"",""rid"",""rin"",""rind"",""ring"",""rings"",""ire"",""ires"",""doe"",""doer"",""dour"",""dor"",""dore"",""dorr"",""dory"",""doing"",""doings"",""duo"",""durr"",""dui"",""durn"",""die"",""dire"",""direr"",""direly"",""direst"",""din"",""ding"",""dingy"",""dings"",""dingo"",""dino"",""dinar"",""dun"",""dung"",""dungy"",""dungs"",""run"",""rung"",""rungs"",""eyre"",""eyrie"",""eying"",""els"",""yirr"",""yid"",""yin"",""yes"",""wrier"",""wring"",""wrings"",""wrest"",""wry"",""wrying"",""wryer"",""wryest"",""wire"",""wirer"",""wires"",""wiry"",""win"",""wind"",""wing"",""wingy"",""wings"",""wino"",""wye"",""wyes"",""wyle"",""wyles"",""won"",""wound"",""wog"",""wogs"",""worse"",""worser"",""worst"",""wort"",""worts"",""nudie"",""nurd"",""now"",""nows"",""nog"",""nogs"",""nor"",""nori"",""noria"",""noir"",""noirs"",""naoi"",""undo"",""undoer"",""ungirt"",""unai"",""ley"",""leys"",""les"",""lest"",""lyre"",""lyres"",""lying"",""lyings"",""lye"",""lyes"",""lyse"",""lose"",""loser"",""lost"",""lot"",""lots"",""ser"",""sere"",""serer"",""serein"",""serry"",""serrying"",""serin"",""sering"",""sel"",""swing"",""swingy"",""swoun"",""swound"",""sly"",""slyer"",""slot"",""sol"",""sole"",""sot"",""stole"",""strow"",""strowing"",""strown"",""strong"",""strongyl"",""strongyle"",""stroud"",""strouding"",""stria"",""sri"",""gyre"",""gyres"",""gyro"",""gyri"",""gnu"",""gnar"",""gowd"",""gown"",""gourd"",""goa"",""gor"",""gorse"",""gorsy"",""grow"",""grown"",""grows"",""ground"",""groan"",""giaour"",""giro"",""giron"",""girt"",""girts"",""owing"",""own"",""owse"",""oar"",""ors"",""orgy"",""ort"",""orts"",""ora"",""orang"",""orangy"",""orangs"",""ani"",""and"",""angst"",""audio"",""auding"",""audings"",""air"",""airs"",""airt"",""airts"",""around"",""ole"",""oles"",""ose"",""ostler"",""tole"",""toles"",""trow"",""trowing"",""trows"",""trona"",""trog"",""trogs"",""trig"",""trigs"",""trigo"",""trigon"",""trio"",""row"",""rowing"",""rowings"",""rowdier"",""rows"",""rondo"",""round"",""roan"",""roar"",""rig"",""rigs"",""rigour"",""rigor"",""ria"",""ion"",""iron"",""ran"",""rani"",""ranid"",""rand"",""randier"",""rang"",""rangy"",""rai"",""rigors""]"
2026-06-08,"[""tag"",""king"",""bonking"",""box"",""link"",""tug"",""nob"",""knob"",""tax"",""ilk"",""nil"",""lug"",""glut"",""bong"",""taxi"",""kiln""]","[""ion"",""ionic"",""big"",""bionic"",""box"",""bong"",""bonk"",""bonking"",""tag"",""tax"",""taxi"",""tug"",""gut"",""guilt"",""glut"",""lug"",""lino"",""link"",""nob"",""nil"",""cut"",""cult"",""cuing"",""cluing"",""cling"",""clink"",""ilk"",""inn"",""ink"",""knob"",""kilt"",""kiln"",""kin"",""king""]"
2026-06-09,"[""mean"",""name"",""man"",""men"",""gem"",""gay"",""meg"",""manga"",""manly"",""mega"",""meanly"",""gel"",""lean""]","[""ifs"",""shy"",""his"",""fish"",""fishy"",""fen"",""gen"",""gem"",""gel"",""gay"",""gal"",""gale"",""glen"",""gleam"",""glean"",""men"",""meg"",""mega"",""mean"",""meanly"",""man"",""mangy"",""mange"",""manga"",""mangle"",""mane"",""manly"",""age"",""ale"",""leg"",""lean"",""lay"",""lag"",""name"",""namely"",""amen"",""angel"",""angle""]"
2026-06-10,"[""she"",""shed"",""wed"",""weds"",""sedge"",""ledge"",""ledges"",""lodge"",""lodges"",""hedge"",""homely"",""home"",""chose"",""cog"",""cogs"",""mog"",""mogs"",""cold"",""colds"",""old"",""mold"",""molds"",""hold"",""holds"",""meld"",""melds"",""leg"",""led"",""sold"",""gold"",""golds"",""hose"",""hole"",""mosh"",""mole"",""meg"",""wedge"",""gel"",""gels"",""geld"",""gelds""]","[""wed"",""wedge"",""weds"",""edge"",""hew"",""hedge"",""ego"",""egos"",""gel"",""geld"",""gelds"",""gels"",""gem"",""glom"",""glommed"",""dew"",""demo"",""demos"",""dos"",""dose"",""dosh"",""dog"",""dogs"",""dole"",""doc"",""docs"",""dome"",""doh"",""sew"",""sedge"",""she"",""shed"",""sled"",""sledge"",""slog"",""sly"",""sod"",""sol"",""sold"",""sole"",""soled"",""some"",""soh"",""scold"",""schmo"",""god"",""gods"",""godly"",""gosh"",""gold"",""golds"",""edges"",""else"",""elm"",""leg"",""led"",""ledge"",""ledges"",""lode"",""lodes"",""lodge"",""lodges"",""lose"",""log"",""logs"",""loch"",""lye"",""ode"",""odes"",""old"",""olde"",""ole"",""och"",""ohm"",""cod"",""code"",""codes"",""cos"",""cosh"",""coshed"",""cog"",""cogs"",""cold"",""colds"",""come"",""comely"",""chose"",""meg"",""med"",""meld"",""melds"",""mod"",""mode"",""modes"",""mods"",""model"",""models"",""mosh"",""moshed"",""mog"",""mogs"",""mold"",""molds"",""mole"",""mom"",""modem"",""hod"",""hods"",""hos"",""hose"",""hosed"",""hog"",""hogs"",""hold"",""holds"",""hols"",""hole"",""holed"",""holy"",""home"",""homed"",""homely"",""homey"",""hmm""]"
2026-06-11,"[""ski"",""skis"",""ass"",""task"",""ask"",""sis"",""crass"",""cask"",""casks"",""tasks"",""cress"",""sec"",""her"",""heir"",""heirs"",""car"",""cars"",""heck"",""kiss"",""hiss"",""era"",""are"",""eras"",""rat"",""rats""]","[""ice"",""ices"",""ire"",""irk"",""irks"",""erica"",""era"",""eras"",""heir"",""heirs"",""her"",""hers"",""heck"",""cries"",""cress"",""crass"",""car"",""caries"",""care"",""cares"",""caress"",""cars"",""cask"",""casks"",""cast"",""casts"",""cassis"",""cat"",""cats"",""rice"",""rices"",""recast"",""recasts"",""race"",""races"",""rat"",""rats"",""sec"",""secs"",""sera"",""she"",""schist"",""schists"",""ski"",""skis"",""chess"",""ace"",""aces"",""acre"",""acres"",""are"",""ares"",""arc"",""arcs"",""arse"",""ark"",""ass"",""ask"",""asks"",""scar"",""scare"",""scares"",""scars"",""scat"",""scats"",""sac"",""sari"",""sat"",""star"",""stare"",""stares"",""stars"",""stark"",""stasis"",""sis"",""kiss"",""kisser"",""his"",""hiss"",""tar"",""tare"",""tares"",""tars"",""tarsi"",""task"",""tasks"",""tsar"",""tsars"",""sacs"",""sass""]"
2026-06-12,"[""sect"",""sec"",""secs"",""set"",""sets"",""mite"",""mites"",""see"",""sees"",""seer"",""seers"",""her"",""hers"",""log"",""list"",""ore"",""ores"",""gore"",""gores"",""lore"",""lores"",""hurl"",""hurls"",""sim"",""sit"",""site"",""sites"",""lite"",""she"",""mist"",""gist"",""hero""]","[""sure"",""she"",""sheet"",""sheets"",""usher"",""ushers"",""ulcer"",""ulcers"",""our"",""ours"",""ore"",""ores"",""orc"",""orcs"",""oil"",""oils"",""gore"",""gores"",""gorse"",""glitch"",""glitches"",""gist"",""hurl"",""hurls"",""her"",""hers"",""hero"",""heroism"",""rush"",""rushes"",""roil"",""roils"",""resect"",""reset"",""resets"",""lush"",""lusher"",""lushes"",""lure"",""lures"",""lurch"",""lurches"",""log"",""lore"",""lores"",""list"",""lit"",""lite"",""ism"",""ecru"",""churl"",""crush"",""crushes"",""clog"",""clit"",""clits"",""slush"",""slushes"",""slur"",""slurs"",""slog"",""slit"",""slim"",""silo"",""scree"",""screes"",""sit"",""site"",""sites"",""sim"",""see"",""seer"",""seers"",""sees"",""sec"",""secs"",""sect"",""set"",""steer"",""steers"",""smit"",""smite"",""smites"",""itch"",""itches"",""its"",""sects"",""sets"",""etch"",""etcher"",""etchers"",""etches"",""til"",""tis"",""tee"",""tees"",""tech"",""techs"",""mil"",""mist"",""mite"",""mites""]"
2026-06-13,"[""meg"",""met"",""fun"",""mug"",""fee"",""tee"",""tea"",""teen"",""the"",""thee"",""ore"",""wore"",""tore"",""grow"",""worm"",""tow"",""hero"",""worn"",""former"",""form"",""tofu"",""ten"",""tent"",""taint"",""heat"",""heater"",""feet"",""feat"",""feather"",""for"",""fore"",""hire"",""hiree"",""their"",""net"",""mute"",""neat"",""neater""]","[""tog"",""tor"",""torn"",""two"",""twofer"",""tow"",""tore"",""tom"",""tome"",""tofu"",""toe"",""wot"",""worn"",""worm"",""wore"",""women"",""woe"",""rot"",""rotor"",""row"",""rort"",""roe"",""got"",""grow"",""ore"",""omen"",""reorg"",""ref"",""reform"",""reformer"",""refuge"",""refute"",""reheat"",""reheating"",""reunite"",""reef"",""reenter"",""retie"",""retinue"",""retain"",""rhenium"",""rhea"",""ire"",""net"",""motor"",""mow"",""morn"",""more"",""men"",""meg"",""met"",""mug"",""mute"",""frog"",""frogmen"",""from"",""for"",""fort"",""forgo"",""forgot"",""form"",""forme"",""former"",""fore"",""foe"",""free"",""freeing"",""fret"",""fee"",""feet"",""fete"",""feting"",""feta"",""fume"",""fug"",""fun"",""fen"",""feint"",""feat"",""feather"",""err"",""error"",""hire"",""hiree"",""hie"",""her"",""hero"",""heir"",""hetero"",""hen"",""heat"",""heater"",""heating"",""emo"",""emu"",""gen"",""gem"",""get"",""gum"",""gut"",""gun"",""guinea"",""gnu"",""ute"",""uni"",""unit"",""unite"",""ether"",""enter"",""either"",""eat"",""eater"",""eating"",""terror"",""tee"",""teen"",""teeing"",""thru"",""throw"",""throe"",""three"",""thief"",""the"",""their"",""thee"",""then"",""ten"",""tent"",""tea"",""tie"",""tin"",""tinge"",""tine"",""tint"",""taint"",""reg"",""retune"",""tum"",""tumor"",""tug"",""tune"",""tremor"",""nut"",""nee"",""neuter"",""nether"",""neither"",""neat"",""neater"",""neath"",""nit"",""inter"",""ate""]"
2026-06-14,"[""line"",""lines"",""ins"",""fin"",""fins"",""fine"",""fines"",""nil"",""filo"",""see"",""seem"",""emo"",""hie"",""hies"",""moss"",""mossier"",""messier"",""rile"",""rite"",""rites"",""site"",""sites"",""mites"",""mite"",""lite"",""seer"",""ire"",""tires"",""lire"",""mire"",""mires"",""sire"",""sires"",""some"",""miss"",""ilk"",""milk"",""silk"",""flies"",""flier"",""foe"",""foes"",""rest"",""semi"",""mile""]","[""ulster"",""ulsters"",""foil"",""foils"",""foist"",""foe"",""foes"",""filo"",""fin"",""fine"",""fines"",""finesse"",""fins"",""flu"",""floe"",""floes"",""flies"",""flier"",""fliers"",""fieriest"",""fierier"",""fish"",""fishes"",""fissile"",""fist"",""oil"",""oiliness"",""oils"",""moi"",""moist"",""moister"",""mil"",""milf"",""miser"",""misers"",""miss"",""missile"",""mist"",""mister"",""misters"",""mistime"",""mistimes"",""meister"",""mesh"",""meshes"",""mess"",""meet"",""meets"",""meek"",""mere"",""merest"",""mire"",""mires"",""ins"",""loess"",""line"",""lines"",""limo"",""lime"",""limes"",""lie"",""lies"",""lissom"",""lissome"",""list"",""lister"",""emo"",""emir"",""ester"",""esters"",""eek"",""ere"",""ire"",""irk"",""nil"",""him"",""hie"",""hies"",""his"",""hiss"",""hen"",""hens"",""hem"",""hems"",""sloe"",""slim"",""slime"",""slimier"",""slier"",""sim"",""silo"",""semi"",""see"",""seer"",""seers"",""seek"",""shin"",""shine"",""shines"",""shins"",""shier"",""she"",""seem"",""set"",""steer"",""stereo"",""sterile"",""stir"",""stirs"",""stile"",""eke"",""reoil"",""remiss"",""reset"",""rest"",""resters"",""reek"",""rim"",""rime"",""rimes"",""rerisen"",""retile"",""enlist"",""enlistee"",""emos"",""emirs"",""emit"",""emits"",""shies"",""shiest"",""some"",""smit"",""smite"",""smites"",""smile"",""sir"",""sirs"",""sire"",""siree"",""sires"",""sit"",""sits"",""site"",""sites"",""silt"",""silts"",""silk"",""retries"",""rishi"",""rise"",""risen"",""rite"",""rites"",""rims"",""rile"",""tee"",""teem"",""tees"",""terse"",""terser"",""term"",""terms"",""tress"",""tree"",""trees"",""trim"",""trio"",""tries"",""trier"",""triers"",""trek"",""trims"",""tis"",""tire"",""tires"",""time"",""times"",""til"",""tile"",""omen"",""omens"",""omit"",""omits"",""men"",""meh"",""messier"",""mosh"",""moss"",""mossier"",""miso"",""mite"",""mites"",""miter"",""miters"",""mitre"",""mitres"",""milk"",""mile"",""ism"",""its"",""ilk"",""lire"",""lit"",""lite"",""liter"",""liters"",""litre"",""litres"",""limos"",""let"",""lets"",""ekes"",""elk"",""elite"",""elites""]"
2026-06-15,"[""shoo"",""son"",""moon"",""moons"",""nosy"",""sumo"",""moo"",""soon"",""noisy"",""his"",""shin"",""nosh"",""mosh"",""mono""]","[""muso"",""mush"",""musos"",""moi"",""mosh"",""mono"",""moo"",""moon"",""moons"",""moonish"",""monsoon"",""ion"",""ions"",""ins"",""onion"",""onions"",""oho"",""sum"",""sumo"",""son"",""soon"",""sou"",""soh"",""sohs"",""shoo"",""shoon"",""shin"",""soy"",""nosh"",""noisy"",""nosy"",""ooh"",""oohs"",""nous"",""nah"",""hos"",""hansom"",""his"",""anion"",""anions"",""ahoy"",""shins"",""sons"",""sin"",""sins"",""yon"",""yin""]"
2026-06-16,"[""can"",""anima"",""mile"",""ail"",""nail"",""mail"",""male"",""ale"",""lie"",""lei"",""mic"",""mica""]","[""nil"",""uni"",""lie"",""lieu"",""lei"",""yin"",""icy"",""iliac"",""elm"",""helm"",""hie"",""him"",""cilia"",""can"",""lam"",""ail"",""aim"",""anima"",""animal"",""niacin"",""nail"",""mic"",""mica"",""mil"",""milieu"",""mile"",""male"",""mail"",""ale""]"
2026-06-17,"[""tar"",""tars"",""rat"",""rats"",""taro"",""taros"",""rad"",""dash"",""ash"",""rash"",""aid"",""tad"",""rid"",""dim"",""dims"",""soh"",""shat"",""trad"",""dart"",""darts"",""raid"",""mortar"",""arm"",""arms"",""harm"",""harms""]","[""dim"",""dims"",""dirt"",""drat"",""mortar"",""mosh"",""most"",""mid"",""midrash"",""omit"",""omits"",""lord"",""lost"",""its"",""rostra"",""rid"",""rim"",""rims"",""rash"",""rah"",""rat"",""rats"",""rad"",""raid"",""smit"",""sol"",""sort"",""sorta"",""soh"",""short"",""shard"",""shat"",""stir"",""star"",""stadia"",""staid"",""sari"",""sat"",""sad"",""said"",""hols"",""horas"",""hos"",""host"",""hosta"",""hard"",""harm"",""harms"",""hart"",""harts"",""has"",""hast"",""hat"",""hats"",""had"",""wit"",""wits"",""writ"",""writs"",""trim"",""trims"",""trash"",""trad"",""tsar"",""tar"",""taro"",""taros"",""tars"",""tad"",""turd"",""arm"",""arms"",""arid"",""art"",""arts"",""ash"",""astir"",""aha"",""aah"",""aid"",""rut"",""ruts"",""dart"",""darts"",""dash"",""dastard""]"
2026-06-18,"[""row"",""ogre"",""two"",""age"",""nag"",""egret"",""rig"",""gen"",""ere"",""core"",""ore"",""organ"",""corgi"",""vane""]","[""row"",""roan"",""roger"",""two"",""let"",""ova"",""ogre"",""vow"",""van"",""vane"",""cor"",""core"",""corgi"",""coir"",""ergo"",""ere"",""avow"",""ago"",""age"",""anger"",""aerie"",""gen"",""giro"",""roe"",""reg"",""rego"",""reign"",""rig"",""rigor"",""orc"",""ore"",""organ"",""nag"",""ego"",""egret"",""erect"",""ire""]"
2026-06-19,"[""tame"",""tamer"",""same"",""led"",""lee"",""deem"",""more"",""mole"",""modem"",""doe"",""rodeo"",""ore"",""lore"",""role"",""ream"",""reams"",""red"",""rode"",""mode"",""lode"",""mast"",""meat""]","[""tame"",""tamer"",""tamed"",""eat"",""eats"",""east"",""eel"",""eels"",""sat"",""same"",""sled"",""sloe"",""mat"",""mats"",""mas"",""mast"",""meat"",""meats"",""merle"",""mere"",""med"",""elm"",""elms"",""ere"",""ore"",""ode"",""odor"",""least"",""lee"",""lei"",""led"",""lore"",""lord"",""lode"",""ream"",""reams"",""red"",""redo"",""roe"",""rod"",""rode"",""role"",""rodeo"",""deem"",""deems"",""doe"",""doer"",""dorm"",""dorms"",""dream"",""dreamt"",""dreams"",""dolma"",""dolmas"",""dole"",""erode"",""ole"",""mole"",""more"",""morel"",""morels"",""mod"",""mode"",""modem"",""modems"",""model"",""models"",""modeler""]"
2026-06-20,"[""ram"",""mad"",""ream"",""reams"",""dreams"",""era"",""lye"",""lyre"",""rye"",""bid"",""wash"",""mam"",""mams"",""ham"",""hams"",""maw"",""maws"",""saw"",""was"",""said"",""share"",""shard"",""hard"",""haw"",""haws"",""sham"",""shammy"",""hammy"",""wad"",""rib"",""rid"",""mare"",""rad""]","[""ire"",""iamb"",""ere"",""era"",""ear"",""mere"",""mead"",""meh"",""mesh"",""mesa"",""mar"",""mare"",""mam"",""mammy"",""mad"",""madre"",""maw"",""maws"",""emery"",""eyrie"",""ream"",""reams"",""read"",""ram"",""rams"",""rah"",""rad"",""raw"",""rye"",""air"",""airy"",""aerie"",""are"",""arm"",""army"",""ahem"",""aha"",""adhere"",""awash"",""heir"",""hem"",""hems"",""her"",""here"",""herd"",""hear"",""heard"",""head"",""hair"",""hairy"",""ham"",""hams"",""hare"",""harem"",""harems"",""harm"",""hard"",""hammy"",""had"",""haw"",""haws"",""hawk"",""hawks"",""has"",""smear"",""smarm"",""smarmy"",""she"",""sherd"",""shear"",""sham"",""shame"",""share"",""shard"",""shammy"",""shwa"",""swam"",""swarm"",""sward"",""saw"",""said"",""saki"",""sakis"",""yer"",""mams"",""myriad"",""dream"",""dreams"",""dreamy"",""dram"",""drams"",""draw"",""draws"",""dry"",""dairy"",""dam"",""dame"",""dames"",""dams"",""dare"",""dis"",""disk"",""war"",""ware"",""wary"",""warm"",""warmly"",""ward"",""wad"",""wadi"",""wadis"",""where"",""wham"",""whammy"",""was"",""wash"",""washer"",""ahead"",""ash"",""aware"",""award"",""aid"",""lye"",""lyre"",""limb"",""mil"",""bid"",""bias"",""brisk"",""kasha"",""kid"",""glimmer"",""gimme"",""grid"",""rid"",""rib"",""risk"",""sir"",""ska"",""ski"",""skid""]"
2026-06-21,"[""reel"",""reels"",""bar"",""barb"",""barbs"",""real"",""blob"",""blobs"",""rob"",""robs"",""bra"",""bro"",""bros"",""rove"",""rover"",""over"",""veal"",""slave"",""slaver"",""eel"",""eels"",""has"",""love"",""lover"",""solve"",""solver"",""halve"",""air"",""ail"",""tail"",""bail"",""rail"",""biz"",""boss"",""shove"",""shovel"",""shovels"",""shelve"",""loss"",""lob"",""lobs"",""tar"",""vole"",""voles"",""soh"",""sohs"",""his"",""hale"",""have"",""lav"",""ever"",""rose"",""lose""]","[""tiara"",""til"",""tibia"",""tibias"",""tail"",""tailor"",""tab"",""tar"",""taro"",""taros"",""ibis"",""ibises"",""zit"",""ash"",""ashore"",""ashes"",""ass"",""asshole"",""ail"",""alit"",""alibi"",""alibis"",""aloha"",""alohas"",""arbor"",""arboreal"",""arose"",""lit"",""liar"",""lib"",""libra"",""lab"",""larva"",""larval"",""larvae"",""lob"",""lobs"",""loss"",""lose"",""loses"",""lore"",""loreal"",""love"",""lover"",""loveless"",""bit"",""biz"",""bias"",""biases"",""blab"",""bra"",""brat"",""bro"",""bros"",""brr"",""bolt"",""boss"",""bore"",""his"",""hiss"",""has"",""hassle"",""hob"",""hobs"",""hos"",""hose"",""hoses"",""hove"",""hover"",""hovel"",""hovels"",""hols"",""hole"",""holes"",""sahib"",""sahibs"",""shore"",""shove"",""shovel"",""shovels"",""she"",""shelve"",""bat"",""bait"",""bail"",""balti"",""bar"",""barb"",""barbs"",""barre"",""barrel"",""barrels"",""blob"",""blobs"",""bare"",""briar"",""breve"",""rat"",""rail"",""rob"",""robs"",""rose"",""roses"",""rove"",""rover"",""role"",""roles"",""rabat"",""rare"",""obit"",""oral"",""orb"",""orbit"",""orbital"",""orbs"",""ore"",""over"",""ova"",""oval"",""ovals"",""ole"",""sol"",""solar"",""sob"",""soh"",""sohs"",""sorrel"",""sore"",""sole"",""soles"",""solve"",""solver"",""slob"",""slave"",""slaver"",""shave"",""shaver"",""shale"",""elver"",""are"",""area"",""air"",""rear"",""rev"",""revolt"",""revs"",""revel"",""revels"",""reveal"",""reveals"",""reel"",""reels"",""real"",""volt"",""volta"",""vole"",""voles"",""verb"",""verbal"",""veer"",""veal"",""valor"",""vale"",""vales"",""less"",""lessor"",""lever"",""lee"",""leer"",""leave"",""lav"",""lavs"",""lah"",""lahs"",""have"",""halo"",""halos"",""hale"",""halve"",""haler"",""ire"",""ear"",""earl"",""err"",""era"",""ere"",""eve"",""ever"",""eel"",""eels"",""else"",""aver"",""also"",""ale"",""ales"",""aha"",""aerie"",""aah""]"
2026-06-22,"[""dust"",""dope"",""nope"",""sine"",""sin"",""jinn"",""nan"",""nans"",""jinns"",""just"",""sip"",""nine"",""nod"",""not"",""pot"",""pots"",""fen"",""fens"",""ins"",""inn"",""inns"",""pin"",""pins"",""done"",""don"",""dons"",""penis"",""tine"",""tin"",""tins"",""dot"",""dots"",""tip"",""sit"",""inane"",""pen"",""pens""]","[""jus"",""just"",""jinn"",""jinns"",""inn"",""inns"",""innit"",""inane"",""ins"",""nine"",""ninepin"",""ninepins"",""nan"",""nans"",""dust"",""dis"",""din"",""dins"",""dine"",""did"",""dip"",""sin"",""sine"",""snit"",""snip"",""snipe"",""stipe"",""stone"",""stop"",""sit"",""sip"",""snot"",""nit"",""nits"",""nip"",""anion"",""anions"",""tis"",""tin"",""tins"",""tine"",""tip"",""ton"",""tons"",""tonne"",""tone"",""tod"",""top"",""topi"",""topis"",""ids"",""its"",""ion"",""ions"",""not"",""nod"",""nope"",""dot"",""dots"",""don"",""dons"",""donna"",""donne"",""done"",""dope"",""one"",""odist"",""opine"",""open"",""opens"",""piston"",""pin"",""pins"",""pine"",""pit"",""pits"",""piton"",""pitons"",""pinot"",""pinots"",""pen"",""penis"",""pens"",""pension"",""pea"",""pot"",""pots"",""pod"",""fen"",""fens""]"
2026-06-23,"[""cord"",""cor"",""for"",""top"",""tops"",""soy"",""sop"",""orc"",""sot"",""pot"",""spot"",""toy"",""ford"",""fords""]","[""horsy"",""oft"",""och"",""orc"",""pro"",""prof"",""for"",""ford"",""fords"",""fort"",""forty"",""chord"",""chords"",""cor"",""cord"",""cords"",""corps"",""croft"",""typo"",""typos"",""top"",""tops"",""toy"",""toys"",""pot"",""posy"",""spy"",""spot"",""sot"",""sop"",""soy"",""soya"",""atop"",""opt"",""ops""]"
2026-06-24,"[""lemon"",""lee"",""lead"",""leg"",""led"",""demon"",""moo"",""moon"",""gnome"",""yen"",""men"",""lad"",""meal"",""mead"",""genome"",""gel"",""eel"",""yum"",""glen"",""glad"",""glade"",""dale""]","[""eel"",""yum"",""yea"",""yen"",""yeomen"",""ale"",""align"",""aligned"",""eye"",""emu"",""emo"",""edge"",""elm"",""enemy"",""mien"",""mead"",""meal"",""med"",""medal"",""meld"",""men"",""money"",""moneyed"",""mono"",""moo"",""moon"",""mooned"",""eyed"",""eyelid"",""eon"",""daemon"",""dal"",""dale"",""deal"",""demo"",""demon"",""deli"",""den"",""dig"",""lad"",""laden"",""lee"",""lead"",""lemon"",""led"",""ledge"",""lid"",""leone"",""leg"",""nee"",""noel"",""omen"",""one"",""idea"",""ideal"",""idle"",""ileum"",""ilea"",""glad"",""glade"",""glee"",""glen"",""glide"",""gnome"",""gild"",""gel"",""gelee"",""geld"",""gen"",""gene"",""genome"",""elide""]"
2026-06-25,"[""clear"",""call"",""caller"",""clad"",""all"",""rad"",""rat"",""rare"",""clam"",""are"",""era"",""mare"",""hard"",""dag"",""rag"",""rage"",""tag"",""hale"",""haler"",""dale"",""age"",""dare"",""darn"",""lard"",""ear"",""tare""]","[""clam"",""clad"",""call"",""caller"",""car"",""carle"",""carat"",""care"",""card"",""clear"",""lard"",""large"",""lam"",""lah"",""lad"",""ladle"",""lath"",""ram"",""rah"",""rare"",""rad"",""radar"",""rat"",""mall"",""mallard"",""mallrat"",""mar"",""male"",""mare"",""marge"",""mad"",""madre"",""mat"",""math"",""all"",""alarm"",""ale"",""are"",""learn"",""leg"",""arm"",""area"",""adage"",""halal"",""hall"",""harm"",""ham"",""hale"",""haler"",""hare"",""hard"",""had"",""hat"",""ear"",""earl"",""earn"",""era"",""real"",""reg"",""rag"",""rage"",""raid"",""raita"",""dal"",""dam"",""dale"",""dare"",""darn"",""data"",""dhal"",""dram"",""drat"",""drag"",""dag"",""diagram"",""talc"",""tall"",""taller"",""tar"",""tale"",""tare"",""tarn"",""tad"",""thrall"",""tag"",""tidal"",""tiara"",""near"",""nerd"",""gear"",""gel"",""gelati"",""geld"",""gen"",""gram"",""grad"",""gad"",""gait"",""age"",""aid"",""idle"",""idler""]"
2026-06-26,"[""sap"",""nap"",""naps"",""nape"",""rap"",""rare"",""rarer"",""free"",""freer"",""sane"",""ran"",""raps"",""pare"",""par"",""smear"",""smears"",""sore"",""sorer"",""pro"",""pros"",""pen"",""pens"",""pane"",""peas"",""pea"",""per"",""ore"",""rope"",""ape"",""more"",""sop""]","[""rasp"",""raspers"",""ran"",""rang"",""range"",""rap"",""raps"",""rare"",""rarer"",""snap"",""snare"",""saran"",""sane"",""sang"",""sap"",""sarge"",""spa"",""spar"",""span"",""spare"",""sparer"",""spars"",""spear"",""spears"",""sperm"",""sperms"",""sprang"",""spree"",""sprog"",""spore"",""nap"",""naps"",""nape"",""epee"",""ego"",""egos"",""asp"",""aspen"",""asper"",""ape"",""are"",""area"",""areas"",""arrears"",""arm"",""arms"",""pen"",""pens"",""peg"",""par"",""para"",""paras"",""pas"",""pan"",""pans"",""pane"",""pang"",""pare"",""parer"",""pea"",""pear"",""pears"",""peas"",""pee"",""peer"",""per"",""perm"",""perms"",""prang"",""prefer"",""pro"",""prom"",""proms"",""pros"",""pore"",""pom"",""poms"",""gen"",""gens"",""grasp"",""gran"",""grans"",""grape"",""grope"",""gore"",""gomer"",""ear"",""ears"",""ere"",""err"",""errs"",""era"",""eras"",""ergo"",""emo"",""emos"",""rear"",""rears"",""reap"",""reaps"",""rep"",""reps"",""repos"",""reef"",""ref"",""refer"",""rope"",""ops"",""open"",""opens"",""opera"",""operas"",""ogre"",""orange"",""ore"",""fear"",""fears"",""fearsome"",""fee"",""femora"",""free"",""freer"",""reaper"",""reapers"",""rearm"",""rearms"",""refers"",""repro"",""reran"",""remoras"",""mean"",""means"",""merge"",""mere"",""mop"",""mops"",""mope"",""mog"",""more"",""sop"",""sops"",""sore"",""sorer"",""some"",""smear"",""smears"",""smog""]"
2026-06-27,"[""sale"",""same"",""era"",""hut"",""huts"",""lure"",""set"",""ruts"",""elm"",""maw"",""maws"",""raw"",""rule"",""lures"",""mare"",""mares"",""rest"",""tut"",""tuts"",""strut"",""the"",""true"",""truer"",""trues"",""arse"",""arses"",""asset"",""was"",""saw"",""ware"",""wares"",""hue"",""hues"",""hurt"",""hurts"",""shut""]","[""utter"",""utters"",""ute"",""utes"",""rut"",""ruts"",""ruths"",""rue"",""rues"",""lute"",""lutes"",""lure"",""tut"",""tutu"",""tuts"",""truth"",""truther"",""truthers"",""truths"",""true"",""trues"",""truest"",""truer"",""trug"",""err"",""test"",""term"",""turret"",""thru"",""the"",""therm"",""thermal"",""thug"",""rural"",""rule"",""rug"",""strut"",""set"",""sett"",""sera"",""sesame"",""era"",""eras"",""hurl"",""hurt"",""hurts"",""hut"",""huts"",""hue"",""hues"",""her"",""hers"",""hula"",""hulas"",""hug"",""huge"",""rest"",""resale"",""rash"",""rashes"",""rashest"",""rasher"",""raw"",""setts"",""sets"",""shut"",""shutter"",""shutters"",""shuts"",""shrug"",""she"",""saw"",""swarm"",""swam"",""sale"",""same"",""rashers"",""ram"",""luv"",""lures"",""lug"",""luge"",""las"",""lass"",""lases"",""laser"",""lasers"",""lash"",""lashes"",""law"",""laws"",""lam"",""lame"",""leg"",""guru"",""guv"",""glass"",""glare"",""glares"",""glam"",""gel"",""gem"",""arse"",""arses"",""are"",""ares"",""ass"",""asset"",""ash"",""ashes"",""ashram"",""awash"",""aware"",""wrest"",""war"",""wars"",""ware"",""wares"",""was"",""wash"",""washes"",""washer"",""washers"",""warm"",""arm"",""ale"",""mas"",""mass"",""masse"",""masseur"",""mash"",""mashes"",""masher"",""mashers"",""mar"",""mare"",""mares"",""mars"",""marsh"",""marshes"",""male"",""maw"",""maws"",""meg"",""elm""]"
2026-06-28,"[""rut"",""wet"",""get"",""gent"",""toll"",""tolls"",""rolls"",""roll"",""troll"",""trolls"",""wallow"",""wall"",""gal"",""gall"",""wag"",""gawd"",""short"",""shorter"",""allow"",""all"",""dal"",""slow"",""slower"",""walls"",""galls"",""sort"",""slot"",""doll"",""net"",""glut"",""soda"",""glow"",""glower"",""tower""]","[""gen"",""gent"",""get"",""getout"",""err"",""enrol"",""enroll"",""enrolls"",""enrols"",""reg"",""rent"",""retro"",""retold"",""rut"",""rug"",""trug"",""turret"",""tug"",""net"",""new"",""newt"",""not"",""note"",""nor"",""nosh"",""nose"",""ten"",""tenor"",""tenors"",""two"",""twos"",""ton"",""tone"",""toner"",""tor"",""torn"",""toros"",""tors"",""torso"",""tosh"",""trout"",""troll"",""trolls"",""tow"",""tower"",""tour"",""tout"",""toll"",""tolls"",""told"",""wert"",""went"",""wet"",""wren"",""wrong"",""wrote"",""wot"",""worn"",""worse"",""world"",""wow"",""one"",""onto"",""rot"",""rote"",""rose"",""row"",""rower"",""rout"",""roll"",""rolls"",""owe"",""owl"",""our"",""out"",""old"",""owls"",""lure"",""lurk"",""lug"",""lot"",""low"",""lower"",""lout"",""lose"",""loser"",""lag"",""law"",""lad"",""gut"",""gull"",""gulls"",""glut"",""glow"",""glower"",""glad"",""gal"",""galosh"",""gall"",""galls"",""gawd"",""gad"",""hone"",""hot"",""horn"",""hornet"",""horse"",""hos"",""hose"",""her"",""hers"",""hero"",""heros"",""son"",""song"",""sot"",""sort"",""soh"",""sow"",""sower"",""sou"",""sour"",""souk"",""soul"",""sol"",""solo"",""sold"",""shone"",""shot"",""shorn"",""short"",""shorter"",""shorten"",""she"",""slot"",""slow"",""slower"",""sore"",""sod"",""soda"",""lore"",""lores"",""walk"",""wall"",""wallow"",""walls"",""wag"",""wad"",""wore"",""all"",""allot"",""allow"",""aglow"",""awols"",""awl"",""awls"",""ado"",""adore"",""adores"",""resort"",""resold"",""reshot"",""resod"",""rollout"",""rod"",""ore"",""ores"",""dal"",""dag"",""dos"",""dosh"",""dose"",""doll""]"
2026-06-29,"[""dob"",""bod"",""sob"",""rob"",""robs"",""was"",""saw"",""pie"",""miso"",""aim"",""aims"",""ism"",""bro"",""bros"",""dos"",""orb"",""orbs"",""bye"",""rye"",""rod"",""dobs""]","[""dos"",""dory"",""dob"",""dobs"",""dry"",""orb"",""orbs"",""sod"",""sob"",""sim"",""saw"",""miso"",""mas"",""maw"",""mauve"",""rod"",""rob"",""robs"",""rye"",""bod"",""bro"",""bros"",""bias"",""bye"",""ism"",""aim"",""aims"",""awe"",""yip"",""yew"",""was"",""pie""]"
2026-06-30,"[""lee"",""ban"",""nab"",""lab"",""bale"",""bee"",""bees"",""pee"",""pees"",""pebble"",""bleep"",""peel"",""eel"",""lane"",""big"",""bigs"",""see"",""gel"",""beige"",""elan"",""zeal"",""able""]","[""nee"",""nab"",""enable"",""enables"",""eel"",""elan"",""ale"",""ales"",""able"",""lee"",""lean"",""lane"",""lab"",""lei"",""leis"",""leg"",""legs"",""zeal"",""ban"",""bane"",""bale"",""baleen"",""bales"",""babe"",""babel"",""babes"",""babies"",""blab"",""bleep"",""bee"",""bees"",""beige"",""bezel"",""beep"",""beg"",""begs"",""big"",""bigs"",""ebb"",""see"",""seep"",""pebble"",""pebbles"",""pee"",""peel"",""pees"",""gel"",""gelee"",""gee"",""gibe"",""gibes""]"
2026-07-01,"[""too"",""root"",""roof"",""rote"",""real"",""rear"",""ream"",""ram"",""frame"",""lame"",""lamer"",""mare"",""mar"",""fare"",""fares"",""trek"",""treks"",""leak"",""leaks"",""lot"",""oral"",""orals"",""rake"",""rakes"",""lake"",""laker"",""lakes"",""make"",""makes"",""slot"",""set""]","[""ore"",""ores"",""oral"",""orals"",""too"",""tor"",""tore"",""toe"",""toes"",""trek"",""treks"",""tram"",""terra"",""tea"",""tear"",""teak"",""team"",""teal"",""teals"",""tesla"",""ole"",""foot"",""footer"",""for"",""fort"",""forte"",""fortes"",""fore"",""forearm"",""fora"",""fork"",""forks"",""foe"",""foes"",""fret"",""freak"",""freaks"",""frame"",""far"",""fart"",""fare"",""fares"",""farm"",""fake"",""faker"",""fakes"",""fame"",""false"",""roo"",""root"",""rootles"",""roof"",""rot"",""rote"",""roe"",""roes"",""rear"",""rearm"",""ream"",""reamer"",""real"",""realm"",""rare"",""rake"",""rakes"",""ram"",""err"",""era"",""elk"",""elks"",""ear"",""lot"",""let"",""leaf"",""leak"",""leaks"",""remark"",""remarks"",""remake"",""remakes"",""afoot"",""afore"",""art"",""are"",""ares"",""ark"",""arm"",""alas"",""kart"",""set"",""serf"",""sera"",""sea"",""sear"",""seam"",""seal"",""slot"",""sloe"",""ska"",""slake"",""slam"",""sake"",""mar"",""mart"",""mare"",""mares"",""mark"",""market"",""marks"",""make"",""maker"",""makes"",""meal"",""meals"",""lark"",""larks"",""lake"",""laker"",""lakes"",""lam"",""lame"",""lamer"",""las"",""laser"",""ask"",""alarm""]"
2026-07-02,"[""ogre"",""sweat"",""sweater"",""tar"",""list"",""lister"",""tea"",""tear"",""heat"",""heater"",""grate"",""rate"",""rat"",""nor"",""straw"",""rats"",""tare"",""ware"",""his"",""wet"",""wheat"",""whet"",""whets"",""heats"",""whist"",""raw""]","[""ulster"",""his"",""hie"",""heist"",""hew"",""hews"",""heat"",""heats"",""heater"",""hear"",""heart"",""hearts"",""lust"",""lustre"",""luster"",""list"",""lister"",""sweat"",""sweater"",""swear"",""swat"",""snort"",""snorter"",""snog"",""stew"",""strong"",""star"",""stare"",""straw"",""whist"",""whet"",""whets"",""wheat"",""wet"",""wets"",""wear"",""wrong"",""water"",""war"",""wart"",""warts"",""ware"",""eat"",""eats"",""eater"",""ear"",""nor"",""tea"",""tear"",""tar"",""tare"",""awe"",""ate"",""art"",""arts"",""argon"",""are"",""ogre"",""grate"",""great"",""greats"",""raw"",""rat"",""rats"",""rate"",""retro"",""err"",""errs"",""era"",""ergo""]"
2026-07-03,"[""terse"",""test"",""tester"",""hot"",""hut"",""hurt"",""jut"",""rut"",""tut"",""truce"",""truces"",""hurts"",""cot"",""curt"",""curter"",""rest"",""ester""]","[""och"",""ochre"",""tho"",""thru"",""tut"",""truth"",""truce"",""truces"",""jut"",""jute"",""jutes"",""cot"",""chute"",""chutes"",""crutch"",""crest"",""hot"",""hut"",""hurt"",""hurts"",""ute"",""utes"",""rut"",""terse"",""terser"",""retch"",""rest"",""resect"",""reset"",""recur"",""choc"",""cut"",""cur"",""curt"",""curter"",""curtest"",""cure"",""cures"",""curs"",""curst"",""curse"",""cute"",""cuter"",""cutest"",""cert"",""certs"",""ceres"",""tech"",""test"",""tester"",""etch"",""ere"",""erect"",""strut"",""stretch"",""set"",""sec"",""secure"",""secret"",""sect"",""echo"",""ecru"",""ester"",""recurs""]"
2026-07-04,"[""cog"",""mog"",""nor"",""none"",""hem"",""cone"",""cones"",""hie"",""hies"",""mocha"",""gone"",""morn"",""con"",""cons"",""mock"",""rock"",""cock"",""sham"",""shame"",""ham"",""sheik"",""seam"",""rose"",""nose"",""eye"",""yea""]","[""eye"",""eek"",""yea"",""yeah"",""ahem"",""eke"",""ick"",""icon"",""icons"",""meh"",""mike"",""mic"",""mickey"",""hey"",""hem"",""ham"",""hie"",""hies"",""hen"",""hens"",""hence"",""oik"",""key"",""kimchi"",""con"",""cone"",""cones"",""cons"",""cos"",""cosh"",""cock"",""cog"",""cor"",""corm"",""corms"",""corn"",""nosh"",""nose"",""nonce"",""nor"",""norm"",""norms"",""she"",""sheik"",""sham"",""shame"",""sea"",""seam"",""seamy"",""senor"",""snog"",""sock"",""sockeye"",""son"",""song"",""smock"",""smog"",""ice"",""conch"",""conches"",""conchs"",""och"",""one"",""ones"",""once"",""mocha"",""mock"",""mosh"",""mog"",""morn"",""ego"",""egos"",""gone"",""gosh"",""gee"",""geek"",""gecko"",""gnocchi"",""none"",""rock"",""rose""]"
2026-07-12,"[""scent"",""scents"",""rent"",""rents"",""lent"",""cent"",""cents"",""less"",""lesser"",""let"",""lets"",""tho"",""nit"",""star"",""tar"",""tarn"",""who"",""hot"",""thin"",""tin"",""tine"",""tines"",""ran"",""trans"",""win"",""wine"",""wines"",""wins"",""sense"",""senses"",""how"",""two"",""hint"",""hints"",""with"",""ten""]","[""else"",""sane"",""saner"",""sanest"",""sari"",""sarin"",""sat"",""satin"",""satinet"",""satins"",""scenario"",""scent"",""scents"",""snit"",""snits"",""ascent"",""ascents"",""astir"",""art"",""arts"",""artiness"",""sans"",""stance"",""stances"",""star"",""stars"",""stir"",""stirs"",""stint"",""stints"",""sec"",""secs"",""sense"",""senses"",""sent"",""sestina"",""sestinas"",""set"",""sets"",""cense"",""cent"",""cents"",""ceres"",""nascent"",""nastiness"",""nest"",""nests"",""net"",""nets"",""nit"",""nits"",""nine"",""nines"",""ninth"",""ran"",""rani"",""rat"",""rats"",""ratites"",""ratio"",""rinse"",""rinses"",""rinser"",""rinsers"",""rite"",""rites"",""riot"",""tan"",""tans"",""tanner"",""tanners"",""tannest"",""tar"",""tars"",""tarn"",""tarns"",""tsar"",""tsars"",""trans"",""trance"",""trances"",""trite"",""triter"",""trio"",""tin"",""tins"",""tine"",""tines"",""tinners"",""tinsel"",""tinsels"",""tint"",""tinters"",""tints"",""tit"",""titer"",""tits"",""twin"",""twins"",""twine"",""twines"",""twinset"",""twinsets"",""twit"",""twits"",""two"",""lens"",""lenses"",""lent"",""lest"",""less"",""lesser"",""let"",""lets"",""ere"",""nth"",""ins"",""incense"",""incenses"",""incest"",""inn"",""inner"",""inns"",""its"",""inset"",""insets"",""inter"",""inters"",""writ"",""writs"",""write"",""writes"",""writer"",""writers"",""win"",""wins"",""wince"",""winces"",""wine"",""wines"",""winner"",""winners"",""wit"",""wits"",""winter"",""winters"",""witness"",""with"",""whine"",""whines"",""whiner"",""whiners"",""whir"",""whirs"",""whit"",""white"",""whites"",""whiten"",""whitens"",""whiter"",""who"",""wot"",""rent"",""rents"",""rest"",""rests"",""retina"",""retinas"",""resent"",""resents"",""reset"",""resets"",""ten"",""tens"",""tense"",""tenser"",""tenses"",""terse"",""titan"",""titans"",""thin"",""thins"",""thine"",""thinner"",""thinners"",""thinness"",""thirst"",""tho"",""hit"",""hits"",""hint"",""hinters"",""hints"",""how"",""hot"",""ester"",""esters"",""esses"",""essence"",""essences"",""dhow"",""thinnest"",""tow""]"
2026-07-05,"[""bro"",""crab"",""carp"",""carb"",""case"",""bare"",""bares"",""are"",""era"",""sea"",""seared"",""sear"",""rare"",""rarer"",""pear"",""pears"",""care"",""carer"",""carers"",""ares"",""say"",""year"",""years"",""dear"",""dearer"",""dears"",""ear"",""ears"",""dare"",""dares"",""peas"",""pea"",""base"",""baser"",""ran"",""ban"",""bane"",""banes"",""gear"",""gears"",""ease"",""rad"",""bar"",""bars"",""gen"",""arm"",""army"",""phase"",""hare"",""hares"",""hard"",""harder"",""per"",""orb"",""rob"",""hear"",""herd"",""heard""]","[""mere"",""mesa"",""reread"",""rear"",""rearm"",""rears"",""rad"",""rare"",""rarer"",""rah"",""dear"",""dearer"",""dears"",""dray"",""dare"",""dares"",""daresay"",""ear"",""ears"",""ease"",""era"",""eras"",""erase"",""eraser"",""ere"",""yer"",""yea"",""year"",""years"",""yeas"",""yes"",""yard"",""yardarm"",""err"",""errs"",""ray"",""read"",""reader"",""reared"",""reran"",""rep"",""rephrase"",""repro"",""arm"",""armies"",""army"",""are"",""area"",""areas"",""ares"",""array"",""arrears"",""arse"",""red"",""rhea"",""rheas"",""aye"",""ayes"",""aeon"",""semi"",""sera"",""sea"",""sear"",""sad"",""say"",""seared"",""seance"",""sec"",""sane"",""sang"",""sac"",""sabre"",""eared"",""harm"",""hard"",""harder"",""hare"",""harem"",""hares"",""had"",""hared"",""has"",""her"",""herd"",""herder"",""here"",""heres"",""hers"",""hear"",""heard"",""hearer"",""hearers"",""head"",""header"",""hears"",""hearse"",""hearsay"",""herb"",""hero"",""oar"",""oars"",""one"",""ones"",""once"",""eon"",""ego"",""encase"",""arc"",""ace"",""aces"",""acre"",""acres"",""acne"",""ran"",""rang"",""range"",""ranges"",""race"",""races"",""rope"",""ropes"",""rob"",""per"",""perm"",""peres"",""perse"",""pea"",""pear"",""pears"",""peas"",""peace"",""peaces"",""phase"",""phrase"",""presa"",""prang"",""prance"",""prances"",""pro"",""pore"",""pores"",""goes"",""gone"",""gear"",""gears"",""gearhead"",""gen"",""genoa"",""noes"",""near"",""nearer"",""nears"",""narc"",""nacre"",""nab"",""cease"",""cesarean"",""case"",""caesar"",""car"",""cars"",""care"",""carer"",""carers"",""cares"",""carp"",""carb"",""carbo"",""carob"",""can"",""canoe"",""canoes"",""cane"",""canes"",""cab"",""crease"",""crane"",""cranes"",""crab"",""crop"",""baa"",""baas"",""base"",""baser"",""bar"",""bars"",""bare"",""barer"",""bares"",""ban"",""bane"",""banes"",""bang"",""bread"",""bra"",""bras"",""bran"",""brace"",""braces"",""bro"",""bore"",""borer"",""bores"",""bop"",""ore"",""oread"",""ores"",""orange"",""oranges"",""orc"",""orca"",""orcas"",""orb"",""opera"",""operas""]"
2026-07-06,"[""teal"",""teak"",""quake"",""quaker"",""tale"",""take"",""taker"",""taken"",""lake"",""laker"",""leak"",""leek"",""late"",""talk"",""talker"",""keel"",""keen"",""knee"",""heal"",""haler"",""hale"",""reek"",""real"",""relate"",""teen"",""lee""]","[""tea"",""teal"",""teak"",""tee"",""teen"",""take"",""taken"",""taker"",""talk"",""talker"",""tale"",""talent"",""eat"",""eke"",""eel"",""eek"",""ale"",""akela"",""lake"",""laker"",""lah"",""lee"",""leek"",""leak"",""lent"",""ate"",""aqua"",""keel"",""keen"",""kale"",""ken"",""kent"",""knee"",""knelt"",""elate"",""elk"",""hale"",""haler"",""hake"",""heal"",""hen"",""her"",""qua"",""quake"",""quaker"",""late"",""latke"",""nee"",""reek"",""real"",""relate"",""rent"",""rental"",""rhea""]"
2026-07-07,"[""max"",""soy"",""day"",""days"",""gay"",""gays"",""mag"",""foam"",""foams"",""cox"",""fox"",""way"",""ways"",""jay"",""jays"",""joy"",""joys"",""nod"",""nods"",""moo"",""dos"",""wad"",""wads"",""ads"",""soda"",""mod"",""mods"",""mayo"",""coo"",""coos"",""food"",""foods"",""don"",""dons"",""ado"",""may""]","[""gamy"",""gay"",""gays"",""gym"",""gyms"",""mag"",""may"",""mayo"",""max"",""mod"",""mods"",""moo"",""son"",""soy"",""soya"",""sod"",""soda"",""nosy"",""nod"",""nods"",""yam"",""yams"",""yon"",""yoof"",""yaw"",""oaf"",""dos"",""don"",""dons"",""day"",""days"",""ads"",""ado"",""joy"",""joys"",""jay"",""jays"",""jaw"",""coax"",""coy"",""coo"",""coos"",""cox"",""foam"",""foams"",""foamy"",""food"",""foods"",""fox"",""foxy"",""fad"",""fads"",""way"",""ways"",""wad"",""wads"",""waif""]"
2026-07-08,"[""gun"",""guns"",""nun"",""nuns"",""pig"",""pigs"",""wigs"",""wig"",""hip"",""pie"",""ash"",""ashen"",""tea"",""pot"",""not"",""note"",""notes"",""gone"",""tone"",""tones"",""hen"",""hens"",""hah"",""phase"",""has"",""gin"",""gins"",""ten"",""snot"",""sin"",""sine"",""ship"",""shah"",""ton"",""tons"",""tongs"",""sip"",""wipe"",""hash"",""pin"",""pins"",""pint"",""pints"",""pinto""]","[""epigone"",""heist"",""hah"",""has"",""hash"",""hast"",""haste"",""hasten"",""hie"",""hip"",""his"",""hint"",""hints"",""ash"",""ashen"",""hashing"",""hen"",""hens"",""phasing"",""phase"",""phaeton"",""pie"",""piste"",""piston"",""pig"",""pigs"",""pin"",""pins"",""pine"",""pines"",""ping"",""pings"",""pint"",""pints"",""pinto"",""pinot"",""pinots"",""pwn"",""ins"",""inset"",""ingot"",""ingots"",""into"",""she"",""shah"",""ship"",""shin"",""shine"",""saint"",""sip"",""sign"",""signet"",""sin"",""sine"",""sing"",""sea"",""sent"",""set"",""seton"",""snip"",""snipe"",""snug"",""snog"",""snot"",""steno"",""stogie"",""stone"",""stop"",""easing"",""east"",""estop"",""ensign"",""wipe"",""wish"",""wise"",""wig"",""wigs"",""win"",""wins"",""wine"",""wines"",""wing"",""wings"",""wino"",""gist"",""gin"",""gins"",""gnu"",""gun"",""guns"",""gunship"",""gone"",""got"",""nip"",""nest"",""net"",""nets"",""nun"",""not"",""note"",""notes"",""noun"",""tea"",""teas"",""teasing"",""ten"",""tens"",""tog"",""togs"",""ton"",""tons"",""tone"",""tones"",""tongs"",""top"",""nuns"",""uni"",""unis"",""unset"",""unto"",""unwise"",""onset"",""one"",""ones"",""opt"",""opts"",""pones"",""pong"",""pongs"",""pot"",""pots"",""potsie""]"
2026-07-09,"[""jolt"",""elk"",""elks"",""hie"",""hit"",""hot"",""how"",""woo"",""who"",""two"",""sap"",""ape"",""paw"",""the"",""tho"",""jet"",""was"",""saw"",""wasp"",""let"",""wot"",""help"",""helps"",""kelp"",""too"",""took""]","[""ole"",""jolt"",""jet"",""elk"",""elks"",""lei"",""let"",""tie"",""the"",""tho"",""thou"",""two"",""tow"",""too"",""took"",""help"",""helps"",""hie"",""hit"",""hot"",""hotel"",""how"",""howl"",""hook"",""hooks"",""pelt"",""paw"",""pas"",""kelp"",""whelp"",""whelps"",""whelk"",""whelks"",""whet"",""whit"",""white"",""who"",""wot"",""woo"",""wake"",""was"",""wasp"",""wok"",""woke"",""woks"",""owl"",""owlet"",""spelt"",""spa"",""spake"",""ska"",""sap"",""sake"",""saw"",""ape"",""awl"",""awoke"",""asp"",""ask"",""ooh"",""oak"",""oaks""]"
2026-07-10,"[""may"",""say"",""demo"",""ode"",""odes"",""same"",""jeer"",""jeers"",""yam"",""yams"",""ease"",""eased"",""mas"",""red"",""med""]","[""ere"",""jeer"",""jeered"",""jeers"",""doe"",""doer"",""doers"",""does"",""demo"",""ode"",""odes"",""red"",""redo"",""emo"",""mere"",""mesa"",""mas"",""mam"",""mams"",""may"",""see"",""seer"",""same"",""say"",""sea"",""seam"",""seamy"",""seamed"",""med"",""queasy"",""yam"",""yams"",""ease"",""eased"",""easy""]"
2026-07-11,"[""bar"",""barre"",""shear"",""shalt"",""halt"",""real"",""her"",""rave"",""raver"",""rover"",""rove"",""met"",""bah"",""lab"",""stem"",""teem"",""roo"",""arse"",""hearse"",""ear"",""era"",""slab"",""rear"",""area"",""are"",""rarer"",""rare"",""veer"",""ere""]","[""meet"",""meets"",""met"",""metis"",""meth"",""meths"",""mesh"",""mite"",""mites"",""miso"",""mist"",""mishear"",""emit"",""emits"",""emir"",""emirs"",""either"",""over"",""ova"",""ovaries"",""eve"",""ever"",""ere"",""era"",""ether"",""ethers"",""item"",""its"",""oar"",""oars"",""veer"",""varies"",""reeve"",""rev"",""revere"",""rave"",""raver"",""rare"",""rarer"",""rear"",""rears"",""tee"",""teem"",""tesla"",""time"",""times"",""timeshare"",""tie"",""ties"",""tis"",""throe"",""throve"",""the"",""there"",""semi"",""see"",""seem"",""set"",""sim"",""sit"",""site"",""sir"",""soave"",""soar"",""stem"",""stir"",""stirrer"",""slab"",""shalt"",""share"",""she"",""shear"",""shearer"",""rim"",""rime"",""rimes"",""rite"",""rites"",""rise"",""roe"",""roo"",""rove"",""rover"",""rose"",""roar"",""roars"",""roarers"",""rhea"",""aver"",""are"",""arise"",""arose"",""arse"",""arrears"",""area"",""aqua"",""ear"",""ears"",""err"",""errs"",""equerries"",""lah"",""lahs"",""lab"",""halt"",""halts"",""harries"",""hare"",""her"",""hers"",""here"",""heal"",""heals"",""hear"",""hears"",""hearse"",""hearer"",""rah"",""rehab"",""real"",""qua"",""quaver"",""quarries"",""blah"",""blahs"",""blare"",""balti"",""baltis"",""bah"",""bar"",""bars"",""barrio"",""barrios"",""barre"",""bare"",""barer"",""althea"",""also""]"
2026-07-13,"[""thru"",""thug"",""hug"",""rug"",""run"",""ass"",""assort"",""quad"",""dot"",""dots"",""store"",""stores"",""nod"",""nurse"",""herd"",""throat"",""stand"",""oat"",""oats"",""rot"",""rots"",""hung"",""rung"",""dung"",""err"",""errs"",""her"",""rod"",""not"",""nor"",""ore"",""ores"",""tore"",""gnu"",""and"",""son"",""song"",""tang"",""dang""]","[""thug"",""thud"",""the"",""thru"",""throng"",""throat"",""throats"",""terra"",""trug"",""tress"",""trod"",""trot"",""trots"",""hug"",""hurt"",""hung"",""her"",""herd"",""hers"",""hero"",""heron"",""heros"",""undress"",""undo"",""gun"",""gnu"",""gnat"",""gnats"",""err"",""errs"",""era"",""eras"",""rug"",""run"",""rung"",""rod"",""rort"",""rorts"",""road"",""roan"",""rostra"",""rot"",""rota"",""rots"",""duh"",""dug"",""duress"",""dun"",""dung"",""drug"",""dress"",""dross"",""don"",""dos"",""doss"",""dosser"",""dost"",""dot"",""dots"",""dang"",""nurse"",""nursers"",""nor"",""north"",""norther"",""northers"",""nod"",""not"",""set"",""sera"",""sarong"",""retro"",""rerun"",""ore"",""ores"",""ordure"",""oat"",""oats"",""ado"",""adore"",""adores"",""adorers"",""and"",""andro"",""ass"",""assort"",""are"",""ares"",""ardor"",""arse"",""arson"",""art"",""arts"",""asset"",""assert"",""sort"",""sorters"",""sore"",""sores"",""sorer"",""sod"",""soda"",""son"",""song"",""sorta"",""sot"",""strong"",""store"",""stores"",""storers"",""stand"",""tor"",""tort"",""torte"",""tortes"",""tore"",""tors"",""tod"",""ton"",""toad"",""toss"",""tosser"",""tad"",""tan"",""tang"",""tsar"",""tsars"",""quota"",""qua"",""quad""]"
2026-07-14,"[""lean"",""loan"",""lad"",""quad"",""fin"",""lid"",""all"",""nil"",""fill"",""dill"",""flan"",""elan"",""ole"",""laid"",""quail"",""and""]","[""elan"",""eland"",""equal"",""lean"",""lead"",""loan"",""load"",""land"",""landfill"",""lad"",""ladino"",""lain"",""laid"",""ole"",""felon"",""flan"",""flail"",""qua"",""quad"",""quail"",""ale"",""and"",""all"",""aid"",""ail"",""nada"",""nail"",""nil"",""dal"",""dale"",""dial"",""din"",""dill"",""ill"",""anal"",""lino"",""lid"",""fin"",""final"",""finale"",""find"",""fill""]"
2026-07-15,"[""rich"",""loch"",""ogle"",""gel"",""cos"",""sol"",""pol"",""rig"",""leg"",""legs"",""log"",""logs"",""sop"",""hog"",""logo"",""cog"",""cogs"",""clog"",""clogs""]","[""ole"",""ogle"",""hole"",""hog"",""high"",""log"",""logic"",""logo"",""logos"",""leg"",""lech"",""legs"",""giro"",""giros"",""girl"",""girls"",""gel"",""croc"",""crocs"",""crop"",""crops"",""cog"",""cor"",""cogs"",""cos"",""cop"",""cops"",""clog"",""cloche"",""clogs"",""rig"",""rich"",""ego"",""egos"",""och"",""orc"",""ops"",""loch"",""loci"",""logs"",""lop"",""lops"",""scorch"",""sol"",""sop"",""slog"",""slop"",""porch"",""pol"",""pols""]"
2026-07-16,"[""lap"",""lop"",""gaol"",""aloe"",""nail"",""plan"",""plane"",""gin"",""loan"",""loin"",""lag"",""poo"",""loo"",""loop"",""eon"",""aeon"",""lone"",""long"",""nag"",""gain""]","[""gee"",""gin"",""gain"",""gaol"",""gal"",""gala"",""nil"",""nag"",""nail"",""eon"",""age"",""aeon"",""ail"",""align"",""aline"",""along"",""alone"",""aloe"",""aloo"",""one"",""oil"",""opal"",""opaline"",""line"",""lineage"",""lino"",""lie"",""liane"",""lag"",""lane"",""lain"",""long"",""lone"",""loan"",""loo"",""loop"",""loin"",""lop"",""loon"",""loonie"",""lap"",""aeolian"",""aioli"",""pol"",""polo"",""plan"",""plane"",""plain"",""poo"",""pool"",""pooling"",""polio"",""pal"",""paling""]"
2026-07-17,"[""tar"",""tare"",""brat"",""rat"",""rate"",""tack"",""race"",""arc"",""racer"",""heck"",""bro"",""brock"",""rock"",""bra"",""heat"",""heater"",""beat"",""beet"",""beater"",""rater"",""beck"",""rare"",""bar"",""cat"",""cater"",""bore"",""borer"",""tier"",""beer"",""bear"",""cheer"",""era"",""track"",""rack"",""core"",""corer"",""art""]","[""era"",""ere"",""ear"",""eat"",""eater"",""each"",""reteach"",""retrace"",""retro"",""rear"",""reach"",""reacher"",""rat"",""rate"",""rater"",""rare"",""rarer"",""race"",""racer"",""rack"",""recreate"",""rhea"",""breach"",""breech"",""bra"",""brat"",""brace"",""bracero"",""bee"",""beer"",""beet"",""beret"",""berate"",""bear"",""beat"",""beater"",""beach"",""beck"",""berk"",""tie"",""tier"",""tiara"",""tea"",""tear"",""teach"",""teacher"",""tee"",""tar"",""tare"",""taro"",""taco"",""tack"",""trace"",""tracer"",""track"",""tree"",""trochee"",""are"",""ate"",""aerobe"",""art"",""artier"",""area"",""arc"",""arch"",""archer"",""arbor"",""ace"",""acerb"",""ache"",""acre"",""her"",""here"",""herb"",""hear"",""heat"",""heater"",""heart"",""heartier"",""hero"",""heck"",""earache"",""retie"",""rock"",""rob"",""robe"",""car"",""care"",""caret"",""career"",""carb"",""carer"",""cat"",""cater"",""caterer"",""cart"",""carte"",""carter"",""carbo"",""carob"",""cert"",""cheer"",""cheat"",""cheater"",""crate"",""crater"",""create"",""crab"",""crore"",""cor"",""core"",""corer"",""cork"",""cob"",""cobra"",""rort"",""aerate"",""abet"",""abort"",""bet"",""beta"",""bearer"",""bearcat"",""bro"",""brock"",""bar"",""barter"",""barterer"",""bare"",""barer"",""barca"",""bore"",""borer"",""orate"",""ore"",""orc"",""orca"",""orb"",""och"",""ochre"",""ocher""]"
2026-07-18,"[""sew"",""sewn"",""arse"",""sinew"",""sinews"",""new"",""news"",""raw"",""ares"",""ear"",""ears"",""bogs"",""bog"",""yawn"",""yawns"",""ray"",""may"",""mare"",""mares"",""maw"",""maws"",""saw"",""saws"",""way"",""ways"",""grows"",""grow"",""rob"",""robe"",""robes"",""war"",""ware"",""wares"",""swag"",""wage"",""wager"",""wagers"",""wages"",""age"",""ages"",""web"",""bar"",""bars"",""bare"",""bares"",""sea"",""sear"",""garb"",""wore"",""ore"",""ores"",""yore"",""sway"",""sways"",""cob"",""sic"",""sin"",""sins"",""sine"",""sines"",""cow"",""cows"",""cower"",""cowers"",""owner"",""owners"",""row"",""rower"",""rowers"",""rows"",""bow"",""bows"",""bower"",""bowers"",""rag"",""rags"",""rage""]","[""egret"",""ego"",""war"",""ware"",""wares"",""wars"",""wag"",""wage"",""wages"",""wags"",""wager"",""wagers"",""awe"",""awes"",""arbor"",""arbors"",""are"",""area"",""areas"",""ares"",""arse"",""arsenic"",""age"",""ages"",""ago"",""agora"",""abort"",""raw"",""rag"",""rage"",""rages"",""rags"",""reorg"",""reorgs"",""sew"",""sewage"",""swag"",""swab"",""serge"",""sera"",""set"",""garb"",""gab"",""get"",""grey"",""greys"",""grow"",""grower"",""growers"",""grows"",""grown"",""gray"",""grays"",""gram"",""grams"",""gob"",""goer"",""goers"",""goes"",""gorse"",""gore"",""gores"",""gory"",""gown"",""gowns"",""bar"",""bare"",""bares"",""bars"",""bag"",""bags"",""bra"",""brag"",""brags"",""bras"",""brew"",""brews"",""bear"",""bears"",""beware"",""bro"",""brow"",""brows"",""browse"",""browser"",""brown"",""browner"",""browns"",""brawn"",""bray"",""brays"",""bog"",""bogs"",""bogey"",""bogeys"",""bore"",""bores"",""bow"",""bower"",""bowers"",""bows"",""boy"",""boys"",""boa"",""boar"",""boars"",""boas"",""ear"",""ears"",""eager"",""era"",""eras"",""encore"",""encores"",""sea"",""sear"",""sewn"",""swear"",""swore"",""sway"",""sways"",""swam"",""swine"",""ergo"",""eye"",""resew"",""reg"",""regs"",""rego"",""rob"",""robe"",""robes"",""roe"",""roes"",""row"",""rower"",""rowers"",""rows"",""roam"",""roams"",""rye"",""rawer"",""ray"",""rays"",""ram"",""rams"",""ogre"",""ogres"",""orb"",""ore"",""ores"",""owe"",""owes"",""own"",""owner"",""owners"",""owns"",""oar"",""oars"",""wear"",""wears"",""web"",""woe"",""woes"",""worse"",""wore"",""wart"",""warty"",""wary"",""way"",""ways"",""was"",""win"",""wine"",""wines"",""wins"",""near"",""nears"",""new"",""news"",""terse"",""treys"",""try"",""tray"",""trays"",""tram"",""trams"",""tyre"",""tyres"",""tyro"",""yes"",""yer"",""yerba"",""yet"",""yoga"",""yob"",""yore"",""yaw"",""yaws"",""yawn"",""yawner"",""yawners"",""yawns"",""yam"",""yams"",""art"",""arty"",""aye"",""ayes"",""acne"",""cog"",""cogs"",""cob"",""cobra"",""cobras"",""cor"",""corset"",""core"",""cores"",""cortege"",""corteges"",""cow"",""cower"",""cowers"",""cows"",""coy"",""coyer"",""coarse"",""car"",""cars"",""cargo"",""cargoes"",""carb"",""carbo"",""care"",""cares"",""caret"",""carob"",""cart"",""carte"",""caw"",""caws"",""cam"",""came"",""cams"",""ins"",""eyes"",""mar"",""mars"",""marge"",""mare"",""mares"",""mart"",""maw"",""maws"",""may"",""mayo"",""mayor"",""mayors"",""mac"",""macs"",""mas"",""met"",""mete"",""metes"",""meter"",""meters"",""metre"",""metres"",""metro"",""sarge"",""saw"",""saws"",""sawn"",""say"",""sac"",""sacs"",""same"",""samey"",""score"",""scores"",""scows"",""scar"",""scars"",""scare"",""scares"",""scary"",""scam"",""smart"",""smarty"",""swines"",""scams"",""sin"",""sine"",""sines"",""sinew"",""sinews"",""sins"",""sic"",""sics""]"
2026-07-19,"[""raw"",""law"",""hat"",""hate"",""rate"",""rat"",""shat"",""what"",""late"",""rove"",""shrew"",""shawl"",""owl"",""howl"",""lam"",""mate"",""mat"",""ham"",""hams"",""thaw"",""ram"",""rams"",""same"",""rose"",""roses"",""roo"",""meet"",""home"",""abhor"",""abhors"",""sore"",""sores"",""has"",""mar"",""mare"",""mars"",""mares"",""hare"",""hares"",""lases"",""haw"",""was"",""saw"",""verse"",""verses"",""halt"",""salt"",""shalt"",""arse"",""arses"",""here""]","[""abhor"",""abhors"",""aroma"",""aromas"",""arm"",""arms"",""are"",""ares"",""arse"",""arses"",""harm"",""harms"",""hare"",""harem"",""harems"",""hares"",""harsh"",""harsher"",""hoe"",""horse"",""horses"",""home"",""homer"",""homers"",""homes"",""ohm"",""ohms"",""orb"",""ore"",""ores"",""emo"",""bah"",""bar"",""barre"",""barres"",""bare"",""barer"",""bares"",""bars"",""bra"",""brahma"",""brahmas"",""bro"",""brr"",""bros"",""berm"",""berms"",""berate"",""rah"",""roe"",""romeo"",""romeos"",""reshoe"",""resat"",""more"",""mores"",""morse"",""meet"",""meh"",""met"",""mete"",""meth"",""meths"",""metal"",""mesh"",""mesa"",""mess"",""mere"",""mat"",""mate"",""math"",""maths"",""mas"",""mash"",""mass"",""masse"",""masher"",""mashers"",""malt"",""mar"",""mare"",""mares"",""mars"",""marsh"",""maw"",""hem"",""hems"",""ham"",""hams"",""hat"",""hate"",""has"",""hash"",""halt"",""hah"",""haw"",""tee"",""teem"",""teems"",""tho"",""the"",""theorem"",""theorems"",""thee"",""them"",""theme"",""themes"",""thaw"",""tame"",""tamer"",""tamers"",""tames"",""taser"",""tasers"",""tar"",""tare"",""tares"",""tars"",""taro"",""taros"",""rebar"",""roes"",""rose"",""roses"",""roo"",""roos"",""era"",""err"",""errs"",""eras"",""ere"",""shoe"",""shore"",""shores"",""she"",""sheet"",""sham"",""shame"",""shames"",""shat"",""shalt"",""share"",""sharers"",""shares"",""shah"",""shawl"",""sera"",""servo"",""servos"",""serve"",""same"",""sat"",""sate"",""salt"",""saw"",""shrew"",""shwa"",""show"",""shower"",""showers"",""ameba"",""ahem"",""ate"",""ash"",""ashore"",""ass"",""altho"",""arose"",""awl"",""awe"",""lam"",""lame"",""lamer"",""lames"",""lams"",""lah"",""lahs"",""late"",""lath"",""lathe"",""laths"",""las"",""lash"",""laser"",""lasers"",""lases"",""lass"",""lasso"",""lassoer"",""law"",""oho"",""ooh"",""oohs"",""sesame"",""sore"",""sorer"",""sores"",""soh"",""shoes"",""shoo"",""shove"",""ram"",""rams"",""rat"",""rate"",""rash"",""raw"",""rove"",""rehash"",""rewash"",""rev"",""revs"",""hath"",""her"",""here"",""heres"",""hers"",""hero"",""heros"",""hew"",""how"",""howl"",""was"",""wash"",""washer"",""washers"",""war"",""ware"",""wares"",""wars"",""wham"",""whamo"",""what"",""where"",""wheres"",""who"",""were"",""woe"",""horseshoe"",""hoes"",""hos"",""hose"",""hoses"",""hoorah"",""hoorahs"",""hoover"",""hoovers"",""horas"",""hove"",""hover"",""hovers"",""orate"",""oral"",""over"",""overs"",""overshoe"",""oversaw"",""overate"",""overshoes"",""verse"",""verses"",""erase"",""eraser"",""erasers"",""erases"",""owl"",""owe""]"
